x1,x2,x3,y
-0.3590483474510695,0.007919401484625332,-0.9498360195631066,-1.0256785039992098
-0.008403357010627222,0.6920919051346404,0.041087718978214616,1.3102613829428829
0.850739581219458,-0.4126373616821255,-0.8743158690699462,1.4323538132688607
-1.0,0.6210735667719476,-0.8067869235018357,8.961766547780517
0.024493951049999296,1.0,-1.0,3.653910832088709
0.11854707737038184,-0.837971073155799,0.5666619591812041,1.1012485044563323
0.5680764895662356,1.0,0.16127538640702666,7.539107641240106
-0.7090077911574832,0.5004665938513733,-0.20410233440515602,-1.5836115942962814
-1.0,-0.5482455039205834,-0.9751557490771849,4.390216926285681
-0.7268893356457105,-1.0,-0.07118198619589644,4.516294298824753
0.7104719938827948,0.331810804785049,0.23410365758615392,1.7780299481759485
0.5219654155472462,-0.00574943836415609,0.6462488634061654,0.4728297639638457
-0.9647944905677159,-1.0,-1.0,2.5634032197156262
-0.17964830118206376,0.9205641851975634,-0.5112352578158179,4.0684402527612065
0.0699651152493741,0.8644605741177829,-0.6606982676228639,3.2359996564808724
0.514352096540206,0.41546795917005785,-0.46935081938085665,1.281891185857284
0.9161302841150998,-0.32073360495747716,-0.6908044271715537,4.320462321075056
0.1703229823090826,-0.12101851832430532,0.8087739524494428,0.2580060437997912
-1.0,0.1877098499115082,1.0,3.094603524974037
-0.1132292980579801,0.23365972612904629,0.9078465261009177,0.7135164356001537
-0.5614020501472308,0.5566469867155259,1.0,5.142150857520403
1.0,0.22960121990135995,1.0,16.71289195136199
0.560519683071314,0.24141603195983397,1.0,1.4930356894886279
-0.3061419921820452,0.22252739933040666,0.5309932318781232,-0.21843440000230774
-0.8289249224681523,0.5381784429902248,0.5924177279934895,-3.404456903354872
-1.0,-0.03758926664793427,0.319983488726844,-4.5851338729858435
0.022554080953358424,0.308617591288862,-1.0,-4.528193054074322
-1.0,0.6456729420361167,1.0,7.298645860002961
0.42981861631380003,0.17687393538776797,1.0,0.690298051222354
1.0,0.455633995359491,-0.3528512830227528,5.016783696437522
0.5250365157912091,1.0,-1.0,7.668336111523416
0.9419264061927153,-0.21746263733173787,-0.5820510963357499,3.3994547525772374
-1.0,-0.248141462697391,-0.22514659010125726,-2.662474507427725
1.0,0.23750835483832589,0.18857336561491644,7.027886762822708
0.20404761524989334,-0.9322195686753922,-0.03556743784584615,1.8077521062481887
-0.5848299929813698,0.3752601754976763,-1.0,-1.4774293416219368
0.6662636431941498,-1.0,-0.31436686759542676,-3.04952458701976
-0.6388305816904989,-0.3501995652541263,-1.0,0.5621276913494115
0.16504604939851997,0.004901874390180749,0.7672886002191655,-0.5176692886961353
-0.0687745833629172,0.4597038581210757,0.23817543202943647,-0.1513494590193635
-0.6635588986330887,-0.5314024204991299,-0.40560754102244956,0.7588547701023756
0.4140566724466195,-1.0,-0.5772695211434344,-2.3442385681281626
-1.0,0.2924493497773928,0.38645412003059554,-4.571945008729857
1.0,1.0,1.0,26.552579429260554
-1.0,-0.20782654863575023,0.7425004006287184,-0.7026108993206602
-0.9225693826860004,-0.38233695406820023,0.3570545296518368,-0.3248457712042673
-0.7397685516027448,-0.402845817560862,0.37242840754125117,1.5986021328572506
-0.8258517617724568,0.2979055088481506,0.21236752279339655,-3.4584061043250327
0.6338442853265678,-0.32813422078611687,0.7608042177956214,0.9251276183784769
-0.12145094002265777,1.0,-0.4526782789764279,8.384541076308382
-0.9629938248553083,0.47064509534946186,-0.4089884154106387,-1.0487325501501434
0.2645109188454957,-0.1972658505683742,-1.0,-3.737616856976953
-0.5307422535480915,0.04771757340799443,-0.4270896717261756,-0.6184743932566212
0.2967871482395805,-1.0,-0.5797414682147575,-2.632395820368147
-0.2540412428942309,0.6053099198312717,-0.14174141595217526,-0.03611494986923991
-0.6951908871633024,-1.0,0.1208879832517793,5.384390351130668
0.37731989540719435,-0.3464690938738224,1.0,-2.3954420997053325
-0.713317584427166,0.07140158863571,-0.09151554615740443,-0.8996318268918138
0.7892995072455595,-0.4474574805055833,-1.0,-4.919270487141639
-0.8560559001741805,0.44334219949667086,-0.12144485554085249,-3.3122487748805085
-0.39409456646643304,-0.6603425168741199,0.6958197064164384,0.23427259193220662
-0.17808525546104348,-0.672108784552649,-0.9586791224341178,-6.103727015131021
0.40783858506280124,-0.38684696049422995,0.07802253010619609,1.8337895970410276
-0.39103733003466545,-0.05843317717195751,0.5360883774958463,-0.8956423123586768
0.8670379006169451,-0.010170909097612979,0.7480876383983635,4.135378246831911
0.29358509522460086,1.0,1.0,10.099692824226995
0.5147071185160688,-0.1299290518669156,-0.056942203501431754,1.9428862926863755
0.47692545403298814,-0.09612601052824932,-1.0,-2.2209503341905075
-0.7679047324452883,0.7902404131688128,-1.0,0.9522089368404699
0.8885590941622867,-0.19831101832061537,0.27270313026460724,3.578784290846032
1.0,-1.0,1.0,-9.74886952248694
-0.716521205254141,0.8532925454334719,-0.4096068380880653,0.11830133696988475
0.691251234436205,-0.2979414154627109,-0.49249482139211276,1.2195504026585362
-0.41465475976406463,0.702927192702135,0.12717855178289827,-0.6209449005689915
-0.4687397937793705,1.0,0.7087421694589688,7.452376582183128
-1.0,0.6243092340508303,0.5744053912344662,-3.7359392158810367
0.05777139508628393,1.0,-0.1644056765432631,7.645345377556496
0.40572333668327465,-0.7512028741153369,-1.0,-10.527052303933191
-1.0,1.0,1.0,17.339686986042807
0.5356309916237385,-1.0,-1.0,-22.275713909261253
0.7020218601559407,-1.0,0.3927729712491308,-2.054652362238948
0.00821276968092266,0.132259617836874,1.0,0.27446476048534807
0.6763400430560746,0.08399868933637866,0.3914511846898172,2.523541756607753
0.42510844160754346,-0.034362107618235216,-1.0,-3.6482752255784368
1.0,-0.7816133867816608,0.32628953727619825,1.4781117358575429
1.0,-0.05771106680753557,-0.6122608449204621,5.126325761128631
-1.0,-1.0,0.16057471741257712,8.261974961518597
1.0,-0.9886456241008013,-0.23212089928608615,-8.092376517749013
0.5126240544021379,-0.5042150435952104,0.11566489522056145,2.0297373837433175
0.07338511534173531,-0.7752716571920824,-1.0,-9.73146821686957
-0.18125417920582176,-1.0,0.641624056900097,0.9675348792917056
-0.4296246473139318,-0.049435819011631965,0.34711265414615733,0.28105154604458826
0.5363694965552561,-0.2966909755007152,-0.293860757831762,2.0823583865405673
-0.42021381616625364,-0.16500691133233425,-0.7849581770653149,-0.4751623983758584
-0.3805988533741642,-0.3748915350081019,-0.12517457698430823,0.9927725901399588
-0.2525938370010725,0.1290879038946504,0.06734315681587466,0.9949455259520046
1.0,-0.571219610349764,0.196779049648806,3.3752393879506695
0.014282943332554199,0.17233796341050467,1.0,1.7453625613662793
-1.0,1.0,-0.19467412796138261,9.944215889488111
0.41714163411142136,1.0,0.12199913038109189,7.458200407150944
-1.0,-0.43442038582239584,0.637482392615939,0.4558979982681366
-1.0,-1.0,-0.12882506790243187,7.404890299174022
0.013694205154119343,0.3166433664120403,-0.5168435430211231,0.5075177959145223
1.0,-1.0,0.7767562105837678,-5.775316461062687
-0.18232017689208946,-0.20243562887993116,0.4530409936774773,-0.17241025251315717
-1.0,0.9563299535428256,0.7773379186231337,1.8328757038248498
1.0,-0.49532569366602774,0.605102134139976,5.278526921320409
0.05380432697199722,-0.2864380602194101,1.0,-1.9485488054028948
-1.0,-1.0,-0.13707869678826423,6.571815926360019
0.6146283487044097,0.8032484204124377,1.0,8.639440541164591
-0.8823259772122956,0.8863482899189672,-0.047279211398623566,0.41403585258491904
-0.46504373836250257,-0.8820945573980237,0.5019889287614394,1.517819236781365
-1.0,0.008434373698190445,-1.0,11.472447451346572
1.0,0.7711841167543585,0.29487087552583935,10.008039205349178
-0.1479874424873111,0.01551683484148847,0.5294089403439906,0.594993998745989
-0.3598602671477231,-1.0,-0.993001931561255,-12.780615992565291
0.22617218911879866,-0.6685962607467091,-1.0,-8.868586238636166
-0.6605284665065037,-0.3417490908711358,0.3448515050959733,0.3266153273169957
0.6486516903756412,0.43963665553547604,-1.0,-0.5457363546234743
-0.48493762197116097,1.0,-0.07827455358042257,6.044368549345256
0.7041067855687912,-1.0,0.6245390824264381,-1.9991681606371938
1.0,0.6195037248142108,0.29247035345985095,8.58580607693528
-1.0,-0.19774412409502284,0.16851358484303014,-3.3537388091186484
-0.16750059832092346,-1.0,-0.514156299978769,-0.6166980257231132
0.08625278568925698,1.0,-0.5049737557690592,9.8993668758904
-0.06414256925907336,0.3966256592896791,0.04895795784003676,0.42491944006210924
0.3073373929841452,0.3516465677527314,0.7050462736396832,0.5078043075162519
-1.0,0.6220402286914466,1.0,6.828885278048985
-0.7293843466332357,1.0,-0.3294458430464091,4.610898493564986
1.0,0.3738886009953686,-0.599308079893055,5.712376759216714
0.7202092958892385,-0.21302933982615868,0.7384087614369075,1.9595109294344528
0.7683368597883855,1.0,0.014128991037115401,8.729722654660062
-1.0,-0.44831823648005886,-0.8057601080495591,0.7064181296273405
0.385950209094172,1.0,-0.2925834688372808,9.912281158958983
0.9974440856868239,-0.17800326527570354,0.8691540986749893,8.208151111044097
0.7470301881543568,-0.4422281858287338,-0.6362131682368479,1.796851435526706
-0.7985070712200266,-1.0,0.17729248018093635,6.363175892619665
-0.667513222312752,-1.0,0.8926294957557801,2.8460441159772545
0.7381405064548945,0.8861387238072074,-0.36133113354600166,6.153877659478469
0.8116601508812484,-0.25702547145322296,-0.6326117487703591,1.8425825136322431
-0.554744690730326,-0.5386323291379991,0.101340688112876,0.48437227333043026
0.6137668886575061,-0.8708555897182733,0.7848575843087828,-2.089787277987441
-0.6090159503109538,-0.676467607845495,1.0,2.0193350240400894
-0.767062060841019,0.11900914885453395,1.0,3.1752158190485527
-1.0,-0.9671552501070309,0.6417925030686018,13.471334653295981
-0.4695770596603337,-0.4075217892400529,-0.15171678305532343,0.7854691660715626
0.3609419371054188,-1.0,1.0,-7.695321514511821
-1.0,-1.0,0.5205147978664635,12.7505339699442
1.0,0.3797927426416017,0.22554802914454597,6.631983410873346
0.29223576644264915,-1.0,0.5468708305033962,0.0686774806121607
1.0,-1.0,-0.9534207271141033,-25.954172921974198
-0.40780620298881787,1.0,-0.2477992987315949,6.462910271506721
0.04054473570791095,0.7040072169293414,1.0,6.241150461657488
-0.8983492757169693,-1.0,0.4942009875978537,9.791201499140298
-0.6112269223158284,0.8065461888837042,-1.0,-2.406733743239857
0.8874663927137374,0.35978056741000186,0.295388001645589,5.096985350279917
-0.48529602819534756,-0.9729165864555209,0.05422393567737216,3.3418447398279176
0.2715098028311971,0.5424428021635632,0.32761846461522315,1.0953198406401132
-1.0,-1.0,-0.25158022927221624,6.674460116024969
-0.3072763161348864,-0.7341094585551613,-0.4459850617115959,1.6783266020306373
-1.0,-1.0,0.23905182085811982,9.284417851776013
1.0,0.611972953992092,-1.0,13.437284044372573
-0.1500832899305875,0.6766178500930358,-0.7756049754784833,-0.8867554502726815
-0.7780158524630256,-0.8130237918136733,-0.9572447705890443,-0.6178662733559344
0.9791009023297468,-0.48115095113144934,0.6331322701113922,5.088953731303469
0.2599368570738285,1.0,0.43843119501195726,7.180673088581263
-0.5083567731592318,-1.0,-0.4437393872128228,2.0932492334243045
0.15222214919702082,-0.48592118030521836,-0.4551534738012051,0.9577775201162728
-0.5919228310582871,-1.0,1.0,0.27415945336066505
-0.6267722564773535,-0.2634817478826037,-0.06565306097799706,0.6763820171019743
1.0,0.674199071003815,-0.20022599383854867,7.366810208537324
1.0,-0.5470638432859816,-0.21116901167642976,3.4177963324689244
0.3779860729238187,-0.4513934613384678,1.0,-3.0180714607389962
1.0,1.0,0.3420309764720595,13.334083477088145
0.05172936512666282,0.9376455157687205,1.0,10.278899230776098
-1.0,0.46587659606743714,-0.05986943753234697,-3.2325147502346785
-0.9472427639445551,1.0,1.0,17.134605532733453
-1.0,0.28980732189203096,-0.14607976901231323,-3.86368198617255
0.33030505974778124,-0.04937469774698333,1.0,-0.8513458397032648
0.5745069311141786,-0.09469393295630901,-0.8192704730166724,0.004504238890822632
0.05194591686422645,-0.9884378940736167,0.506078178937353,1.0274597946020492
0.2236931272520326,-0.2932898104345958,0.30993545293795033,0.39971461912257944
-0.08021831667656398,0.08007950630536653,-0.987213614432005,-2.9109063585157346
0.09996087337308546,-0.24772651119481748,0.0038899473484219627,0.7695804776613221
0.9411606706721158,0.7898303926410697,0.5658484303776723,10.417563135814309
-0.7271373272346107,-0.7397001941510462,-0.6945973519721242,0.7618311711564126
1.0,0.5360953054325344,0.9518858320589556,20.28801330326626
0.9139895644827796,-0.4879888466700395,-0.5104758450908304,2.2675335971689417
-0.5934028194755345,-0.6682888123704589,-0.2845237328802761,1.504202581037946
0.05546005577424751,0.1983224653684872,-1.0,-2.927658876188192
1.0,-1.0,-0.6745055922218535,-13.672651665930957
0.1499237798198949,-0.6002234447376622,1.0,-2.9636141108091114
1.0,-1.0,0.8436277744129868,-6.9277533240895774
-1.0,0.16948945202838472,-0.7276910915361898,2.3503109925366807
0.5878976437171943,-0.25910897516436693,1.0,-1.0791886852349004
0.1259288264525158,-0.6912246231326709,-1.0,-8.732198011893141
0.42457200614436075,0.07353078563733662,-0.04674700249088071,1.699094042792944
1.0,0.7836475901099345,0.5923688696258855,12.53640253392874
0.9436472249115229,0.06853813019588406,-0.6621672241013741,3.870283683516302
-0.08468944538833134,0.6397993244768294,-1.0,-4.34288413986136
0.5474429911017784,1.0,1.0,10.188172344732866
0.8606473372797323,0.6759091432919853,1.0,14.861838000824052
-0.975207545022081,-0.05543758964537293,0.9343751765971096,1.9184909641021044
0.307874029763781,0.7125827233622295,0.9460814444709384,5.377366389021166
-0.8779225966628867,-0.48983422398897347,-0.22775806366151508,0.3222487041094667
-0.9512478723454392,-0.839585178213518,0.1390598136359058,5.085234527422481
-1.0,0.3837676830612595,-1.0,15.007732648088114
-0.6506019142228088,-1.0,-0.3588849921467885,3.2523565636306238
1.0,-0.1099364487590353,-0.9606424960751743,7.08040857281382
0.006670851832748292,-0.24266238294962328,0.05888405804712726,0.6800166174536921
1.0,-0.15435155311631998,-1.0,6.42505575628524
0.00527032030616903,-0.11348251255489017,0.3304808257628764,0.22322729382556944
-0.03249156517483742,1.0,1.0,13.037151640709011
-0.6136722600308546,-0.7210704938513188,0.8308531797749505,1.9091629561552073
0.0893953412699231,0.5365732947984578,0.20697237453134987,0.5120881452298295
-0.7059814026772184,1.0,-0.13769090098461723,4.871889541660222
0.7862394081862174,-0.366141878760482,0.1674390180356231,1.4241497829460925
-1.0,-0.35297308958938745,0.45647647693770943,-1.259829893870969
-0.5550891051623879,-0.6323938052676019,-1.0,-2.274440270844443
0.45830556377024223,1.0,-0.7093303421191488,11.297818724323115
0.47497917663302913,-0.03956518408107268,0.7129268630787065,0.676899924264731
-0.13132336989644777,0.34215082089124693,1.0,2.2930570520615006
-1.0,0.3645088382772126,-1.0,16.416724196442942
1.0,-0.7683391940788116,0.22173546085485518,0.9813204745628603
-0.5890942521106524,-0.49134125309909904,-0.059461198774817925,0.3409053034100913
0.34320203041151,0.88987564203279,0.40408557239065046,3.6948572741779553
-1.0,0.7359348899992815,0.4396732530873786,-3.3976509047453143
-0.4690257089724903,0.04970238910796798,0.7344898151989474,0.3988763536561457
-0.9172015224044396,0.5137344540973077,-0.4372721088268836,-1.5203917820920976
1.0,0.8553218181365818,0.45525315958765855,11.596344631037958
-1.0,0.6461005296246669,1.0,8.396066082197036
1.0,0.025389879043359542,-1.0,8.208878973413995
0.5326410022088699,1.0,0.48603536254185764,7.77410034810458
-0.09107586657917155,0.5220737852158905,1.0,3.688032560307727
-0.5397637727115692,0.9103060947163624,-0.3758391179106295,1.6381766242041826
0.1312952067084021,0.10570694034001393,0.1723944676900233,1.0747599915319581
0.5873026666483234,-0.7101341641873078,-0.7321936207515476,-1.0991706195898803
-0.012531900747349,-0.7844584385803886,-1.0,-9.8588265933269
-0.05443502607228945,-0.3923485562406399,0.6733116875636165,0.3861212158958266
0.012798970050815761,0.19906049443312424,1.0,1.1881084749945614
1.0,-0.9764860254289549,0.4925234861859522,-4.713857545921484
-0.2171670707284883,-0.3981693755209521,1.0,0.13187426136856295
-0.664542059108493,-0.6166112301571871,1.0,3.2844401797612393
0.9100081377820912,-0.2795755817610446,-0.20156756593601743,3.368503516537073
-0.8619708540053881,-0.5313909775320234,0.3649019504753821,1.6327645908621338
-0.04590954444659068,0.527063680937492,-0.07054114842366643,-0.0199522407868529
0.4763015217561126,-0.8780005008059704,0.5717006976933419,0.2651784559302003
-0.5632932422855974,-0.10990155050085759,1.0,0.6189877055948025
0.6291733118544307,0.6216784266378215,-1.0,-0.4965068312218801
-0.008997384354783478,-0.47747661338585634,-1.0,-5.089333911894847
1.0,-0.5871535403505117,0.25994511227803363,2.3836031182107797
0.86703539106349,-1.0,1.0,-8.332072313923716
1.0,-0.6645563424026004,0.2892390416146884,2.4212542465812796
0.008627261243866924,-0.8514273766444942,0.05873205584258834,2.3266463837818874
-0.7202902169087322,-0.45621814628356505,-0.6145353303245642,0.8559209043114347
0.5538085029347763,1.0,-0.26132024067328885,8.966439027790717
0.757122833154632,-0.49912542894730194,0.4224581715742062,1.6105592206828632
-0.005972643602248251,-1.0,-0.36489357675449186,1.2706467573406346
-0.013588029539717716,-0.06969049296787388,0.5046923446834075,0.2513854096355914
0.2136649504595245,0.11969458751530904,0.5865481605872456,0.8538286224820661
1.0,-0.016693815936308143,1.0,12.714258439893772
0.7079207507680507,-0.28165349144824847,-0.48156404264231867,1.1670450870275395
-0.441184083594341,0.26218102135818167,0.14879783310157446,-1.4369787338393176
-1.0,1.0,0.1387067554610104,5.984405635045517
0.6112068839769218,-0.1968130233942198,1.0,-1.6323858388755348
-0.4558626886171795,-0.034304851375980716,1.0,1.969451024719893
-0.558349558734937,-0.20365714193200102,-0.649407015578348,0.6401288084815965
0.02962954818347696,0.2245779553127596,-1.0,-3.9280050988927577
-1.0,-0.9990706118666715,-1.0,3.457059390823736
-0.7057688326537093,0.009529958669320493,0.276013333624312,-1.612161133689127
0.1361004307602942,0.615513357860715,0.8040649470467347,2.1985081246385327
-0.8941055213288363,0.6892768234511648,0.5111783634481735,-3.852515357558755
-0.6667772693442271,0.6755084384656898,0.28359144209113984,-2.0352739219714207
1.0,0.3285148576842267,-1.0,10.505924231865489
0.23722502198017859,0.08704859494038697,0.20501440010449934,2.3282910922059012
0.5031466001052562,0.7567044148442212,-0.5517378824841324,2.0966440102625983
-0.41069493954432046,0.38988062822912783,-0.061504951399979024,-1.1558050962703776
1.0,1.0,-1.0,38.88253135466264
-0.7580091618805544,0.10140105947293065,-0.5869098043424508,-1.4025252909121217
-1.0,-0.0953955736561547,-0.03675395535244719,-4.243124419933075
0.8444583276847337,-0.13980832591297476,0.2569181426537228,3.158439146668914
-0.47997353064237225,1.0,-0.5984269323795373,4.883093003181291
0.17033193228059718,-0.5667877119521862,-1.0,-6.623897536964192
0.07227515047664546,0.17435384493579087,0.8352661389738925,-0.24499397198374628
-0.2562690405712962,1.0,0.1397238227413291,6.467917677609177
-0.33734079790395444,-0.7243702821842644,1.0,-0.37643993403047815
0.7601373648505589,-1.0,1.0,-7.445963516437571
-0.2224890978342613,-1.0,-0.02659102256881596,2.6198272757109664
-0.737542544542501,-0.2681391562720483,0.506273043506346,-0.6176071077630494
-0.10218557210946333,0.04045566604935669,-0.5231207569916076,1.0553403029483577
-0.027904630718639467,1.0,-1.0,3.4812182480612286
0.03944703597464416,-1.0,1.0,-7.278154439410984
0.04115428561173151,-1.0,-1.0,-17.320602384255423
-0.021638493975434825,-0.035674932905705115,-1.0,-2.962846544228496
-0.5724916137200864,-0.22233127776306394,0.5641561087423905,0.9380150703595851
-0.26251713719943126,0.16468893932530282,-0.9539959113548042,-1.4716756851820285
1.0,-1.0,0.17203510879974648,-8.027317639398735
-0.5063508179490486,-0.08596488352773268,0.1386981795661435,-0.814301614259983
-0.34347413296163176,0.7130601837177597,-0.060038370862955937,-0.06883557360044873
1.0,1.0,-0.839840449969198,31.174541352953376
0.04367565210340252,-0.006726180478178856,-1.0,-3.142972684398934
0.49267675450107107,-0.03730976794284224,-0.9188949528953054,-0.49782200349235406
-0.14916231148045278,0.18310775052253914,-1.0,-1.8603775769958313
0.10662097813049942,0.033792688161166984,-0.5389055802497382,1.5760300424810847
0.20791639048781274,-1.0,1.0,-7.923226471356541
-0.5892460917413054,-0.5578154722770741,-0.8349179826603101,-0.2100017811906785
1.0,0.37987044316174035,0.7098047230436109,11.477520522565376
-0.43282630460580584,0.3269020543103298,-0.9131344500556466,-0.6946255729140738
-0.3997726988154817,0.14200972919023358,0.19719215484185892,-1.3342546878254748
0.7207889795617701,0.3260620752489385,0.5380844851860878,2.4097431457697516
-0.7358398283777725,0.834517555065641,-1.0,0.005571342383003081
0.264878042354294,0.8482903776129775,-1.0,-2.23308978981863
-1.0,-1.0,-0.7399377490326275,3.3170540428208297
-0.2356664681026006,0.17938529241851575,-0.7559680680102481,0.6978939025390213
1.0,-0.3316902765430685,-0.6471503035204074,6.075196887023769
1.0,0.19764515257202175,1.0,17.095143182000363
-0.1478412338540236,0.9680216570856506,-0.34757132686485503,6.615885357721947
-0.5785756030902562,0.39975662835079917,-0.664051791903028,-1.5335508281099017
0.6800016898064944,-0.6963417325540302,0.24265293703038449,1.0568683538647106
0.6410577524234413,-0.2187953118627297,-0.2512177659512671,0.544045516620752
-1.0,0.9965972034636459,0.10914775229877804,6.3234954109772925
0.09400367817161381,-1.0,-0.196998118139728,2.188585473385711
-1.0,0.24250452535341505,-1.0,14.206071651015911
-0.26271840037318217,0.17312988432821674,1.0,0.7543230750789164
-0.018803706027548772,-0.1769526571348492,1.0,-0.7913300505344427
-1.0,0.32194557496600185,-0.01645523392466841,-4.770604424903964
-0.5708401095375684,0.9697139608605003,-0.07368660138336325,3.4389107743766507
0.1788275269397812,0.5436032373681767,-0.9359540204836077,-1.8504695365465862
-0.4156941854553975,0.18515110350945863,1.0,2.3458696351183415
-0.8669593930298005,-0.4119382381135934,1.0,4.75436042011875
0.36988510539751096,1.0,1.0,10.195176106319154
0.5406644899386013,0.10647498204641792,1.0,0.6659523248035469
0.7932353033813107,0.30063844918628857,0.2554215544534335,2.5932481813881885
1.0,-0.6900417137348502,0.33483026930229043,2.203229633617282
1.0,-0.8227166324274835,0.5151232435044912,0.24811591260118743
-0.7402918688702302,1.0,0.008942063243713605,3.9973315878650615
0.952547216626562,0.43543823748404176,0.4664547113814741,6.891973711904539
0.650318355190298,0.06557775275518707,-0.2191582204415563,1.2286463791954128
-1.0,0.3485481477585519,1.0,4.506015566317438
1.0,1.0,-1.0,39.336967531722756
-0.1629950536028666,0.8301481376597757,-0.9323978695774238,-1.315731517733022
-0.458017848726638,-0.2833029227635011,-1.0,-2.2265851473435885
0.31339416850041246,0.8974761571504222,0.1716435098323965,3.6738047059978327
0.4473022867439127,-1.0,0.3746196418136851,0.1196656817203809
-0.07406320781824771,0.6231437686565677,0.05105248046784672,0.33466679543386474
1.0,0.25801986284228473,0.655601605809816,10.299069376144487
0.4930947549423572,-1.0,-0.7684131888514374,-9.041527774478844
-0.4799101593355277,0.4246237439011489,-0.16519802582495324,-1.878905010750064
-1.0,-0.4379534853942011,-0.44959730339459547,-1.5752681115834692
0.17286229841670853,0.3688046748249554,-0.38369738809202203,0.5006513583440197
0.9151930509116413,0.008973942556594006,0.7006596148021969,5.984628522964378
-0.32791672436511377,-0.5869749174531276,0.6843760616384647,0.6071667839399011
0.7599836182389093,0.6617507497011184,-0.5955977079799146,1.9492625265264063
-0.4441146499218933,-1.0,0.6352479868463128,1.577427450151938
0.13776195401356417,0.6723965651107657,0.34507411497481444,0.4747738201411996
-0.48788792548693505,0.10864075861939781,0.9359095140417815,0.8463609416959111
1.0,0.12307733516644848,1.0,14.05336788168491
0.17432503810896272,-0.5031919409666374,-0.3808694021559935,1.55117926862549
1.0,-0.5190142803447393,0.1315289384821634,3.217669980039143
1.0,0.258083928146122,-0.97016138084559,11.179904323793084
-1.0,1.0,-0.47328382697678584,12.193205284185913
0.5991997749234796,-0.4563199329591663,1.0,-2.3456798371202696
-0.8301171595006076,-0.45705327835551324,-0.21840317937050324,0.4642830523216074
1.0,0.39278826172071457,-0.29365715442890794,4.290839221705043
-1.0,0.171452749640278,0.3545461395625127,-4.538872008319214
-0.05933157881739337,0.1246809447573296,-0.09256394418678604,1.245289804324865
0.15401266353840404,-0.5675175260457388,0.17865520140861602,0.35847825785178755
1.0,1.0,1.0,26.37910507752355
-0.1118600886289709,-1.0,-0.584598099888239,-0.48622240668254624
0.9263884047103244,0.6784054883017745,-0.8861125148841191,8.203759436775716
-0.05473160074582717,0.2685661385415661,-0.7297808797408076,-0.18700227148239518
0.4644232362956795,0.39228346224911204,1.0,2.9948206754913977
-1.0,0.8925122839018425,-0.042140314285753044,3.245895735840837
0.13953410701234015,-1.0,0.7042231797968157,-1.010479614566532
0.49475467151060526,0.53768107017242,-0.10162557777660775,1.2423063689858271
1.0,-0.0012434116033703813,-0.08556814578671856,4.034446004608761
-0.2388980398522602,-1.0,-0.4757344597042932,-0.039972221357505555
0.26329643379566336,-0.194252743725571,-0.8082452936521156,-0.2676266121087313
1.0,0.00945451260162189,-0.6768332203654004,6.312750580210285
0.12887863781864506,-0.23958262528507657,1.0,-1.7122351908962763
-0.40135994120192753,0.9056097872428772,-1.0,-2.6266209397135367
-1.0,-0.8321062293603971,-0.7612963341073369,2.4486527129152567
-0.9178432782336532,0.5781375452030226,0.07450686654507566,-3.3812078744481404
0.23325605497844037,0.29187825001992773,-0.5585942913898259,0.4627409916319302
1.0,0.9594494317609887,-0.7435948916435071,23.169939392808256
-0.1536795595149183,-0.3339699597366106,-0.7138550483538555,0.6146564535274206
1.0,-0.19048946380363518,0.6513831631487366,6.14546982150479
0.4527724468991461,-0.023457520189930747,1.0,-0.316461238073769
-1.0,0.6799915916732342,0.14129748506257322,-1.9195610888426937
0.9091273416137766,-0.15811832702761008,1.0,5.453557720013742
-0.7760822329360859,0.6225316337012536,0.09300511116133192,-2.1756974145937114
-1.0,-0.7179444143150349,-0.053260081744676,0.6403069441310173
-0.00018457500237700764,-0.12452893747310956,0.3252944722653084,0.4510861065097297
1.0,-0.2735543076171896,-1.0,5.634897853635529
-0.8064179481005516,0.05550153031532479,0.06359204187311684,-2.247146762289055
0.11011248357268189,-0.6372034600002014,0.6163433439324406,0.8928448973639906
-0.9733963378178323,-0.03685817012046111,-0.8306217289167397,2.9160303426627383
0.20233872356689298,-0.2305063614837628,0.13517361774736436,1.2452520428570086
-1.0,0.8848145984538718,-0.6023268418509373,8.021923424376247
0.7565734541404094,-0.9518931401454209,0.6658962929673651,-1.7678199634343479
0.4911958086407877,-0.7344545165038985,-0.6667414330185015,-0.27516800833255384
-0.8472793547256665,-0.3821265086191239,0.8662485426774427,3.029862923093798
-0.4474918632802527,0.7104972625824282,-1.0,-3.258982693923753
0.22558896053496147,-1.0,-0.9662590360295749,-16.734117354892966
-0.5420796104379642,-0.5465524720645127,-0.15391391118382947,1.3031906390609456
-0.6044932861783436,-0.019176357828031287,1.0,1.8873764710028471
0.2109750661642602,-0.5634426846108613,-0.1296555654772782,1.5397172836533008
0.3416337780453098,0.4214777887010308,0.8472796358196903,1.0798378943551659
-0.4361625946497911,-0.013069258465964406,0.1287891827931329,0.23190418555006154
0.5139186675744081,-0.6217132903901814,0.4751543914175469,0.7388894038331395
0.23400883451100984,1.0,-0.4211393365388454,10.34641847291787
-1.0,-0.6513372957746848,-0.3333522568151839,-0.3642584946882098
-0.27690781921143404,0.3021838426088128,0.7090064589608074,-0.3753002957096911
0.09762357153057777,-1.0,-0.10449668535531664,1.8000790742757056
-0.7364857265657996,1.0,-1.0,1.7915548176047027
1.0,0.17947788350095695,-0.16499888274398455,4.214469151645675
1.0,0.3586930507593913,-0.7868664768325933,6.7141316126505775
1.0,0.6257986919766614,-0.5650641535647754,5.783092561354485
-1.0,-0.27717319220281667,-0.8693807043172566,2.6605683812476055
-0.3417835354823082,1.0,-1.0,1.7337143180814938
1.0,-0.20141349905903128,1.0,8.344832846944154
-0.9422422332760363,0.24525211955568005,0.9735470162884909,1.8696290377067335
0.7469626732823003,0.19781097293371408,-0.21330703204133106,1.6276675439401207
0.11380443850975763,-1.0,-0.10985949565648045,2.1924221935719537
-1.0,0.6171780683316881,0.5844435338627234,-3.87503013046832
-0.08845054133526364,-0.2697422963882652,-0.08632240164784566,0.867072027199683
0.8940371102629752,0.500906428081682,0.1303978592976851,4.006138683592204
-0.42571797234211606,0.6693337743355656,1.0,6.374331749071053
1.0,-0.31208942014785523,0.17865493741331684,4.300009607387796
0.545443003249305,0.1449357700260714,-0.14574502126727684,0.9230979876981062
-0.2210389759275364,1.0,-0.11281231385662904,7.394025699836234
0.719037076986281,0.7104682937450133,1.0,9.287190522067224
1.0,-0.03167848718405519,-1.0,8.564005809436495
-1.0,1.0,-1.0,21.42665050786409
-0.47071377907483214,-0.6934313489769621,1.0,0.693945443549618
0.33659030350515406,-0.6332899017825167,1.0,-3.0542849116090878
-0.28576637199985777,-0.6914663836252053,-0.39608245961692434,0.6720593793874107
-0.8747207510046107,-0.9102452822941547,-0.8894052044242442,1.3462937416205865
0.3901996708081821,1.0,0.06195803983825354,7.7356362937770315
0.3457659221220408,-1.0,0.4498301803851874,0.2686151627484553
0.3609064582644792,0.402755193855139,-0.05057392898155921,0.5039432119944416
0.4443861953112056,1.0,-0.14151884596299502,8.934925001918991
0.7665496237867258,0.38903175764945574,1.0,7.604829154167594
0.648776081621586,-0.8652585704230031,0.708185311361984,-0.7018771751115249
-0.22440145888361562,0.5266505298927964,0.18375636233799741,0.2376562402538075
-1.0,0.20974704420265766,0.5918553850725026,-4.254588269131531
0.35265152156526813,0.2222131586985301,-0.29958512159484885,1.9180490639771315
0.619844351257677,-0.1745565705660812,-1.0,-2.5271400523659886
0.4403095107948347,0.22126606456565368,-0.3991420581479259,1.050152294544181
0.835261010943902,-1.0,0.4274385202844586,-2.7721824960143846
-0.244943307689385,0.7728710641145788,-0.08901674974714235,0.8819241387156133
-0.5546009834419956,0.9041838516710277,0.7411813114857542,3.309741207022544
0.8940829687578917,-0.6825704152769034,0.28103425246144886,1.1073147233620626
-0.7292085752737527,-1.0,-0.07517434595652617,6.0370772104633925
0.5429861865252998,1.0,0.5217540268382688,7.057977503027027
-1.0,1.0,0.07272270900591615,6.402100030474592
0.5304659378440122,-1.0,0.8745371873563907,-4.550904842390417
0.7862860902782198,-0.023820911905274578,-0.5515162127236337,1.8060842592685242
0.3183666649819594,0.07113040688227645,0.9216378433815755,-0.34631466247009773
0.5617627073665323,1.0,-1.0,8.8389906418152
-1.0,0.3544308118389434,1.0,4.216211670052974
1.0,-1.0,0.47225379938198553,-7.058636818063616
0.0015966641624283184,0.7682307033545988,-1.0,-3.680819218387418
0.17556775002821,0.46348408014971,-0.43033134014744356,0.8216441952609453
0.17753729537985774,-0.3478124748609479,0.13466092291353893,0.4369905780525576
-1.0,0.24577377215687823,1.0,3.400077897060978
-0.5528873648217372,-1.0,0.5682757113555394,3.8417677373231602
-1.0,1.0,0.8872677508726166,7.428510546541422
0.7635524687278421,-0.4835342905269804,-1.0,-5.4080829804053945
-0.747272197771625,-0.36785273092273996,0.1444416160922415,0.8702352999445255
-0.17656391512588931,-0.3016362536247723,-0.062085973733642996,0.23041593877508004
0.24170903869757776,-0.9042445532837176,-0.4937066246444355,-0.08324516350435396
-0.6475875138794269,0.08408777081395757,0.1809405771602759,-1.224691034830196
-1.0,1.0,0.238392931430504,4.577236062372676
1.0,0.29189812312401187,1.0,18.47778773779238
-0.9305400865776305,0.6836359015831579,0.8377301684800353,-0.4627618336370922
-1.0,-0.5263025060551629,0.47776139687850416,1.6218913143047664
-1.0,1.0,-0.6522156418237626,13.275979796995887
1.0,0.4942784029160179,0.09034770817025928,6.978293940152081
0.22733562157284726,0.13074502635435215,1.0,-0.18835823938332574
0.10302238901906935,-0.4651662444663198,0.4674284371116537,0.09349281873520798
0.20192031388224252,-1.0,0.022372778638961144,2.1090012027475913
1.0,1.0,-0.32897635158064054,17.29537026485167
-1.0,0.005752526962645277,-0.9057227319711469,6.321011534421644
-0.19753520027065496,-0.29606245413037224,0.15855464157755228,1.003599329748437
0.6508693430349011,0.3320309743474126,0.10131693643498418,1.5586314713362235
-0.6135889938993881,0.07879679931469918,0.09272645811886893,-0.5566104564763917
0.043737191126177244,-1.0,-1.0,-17.89018787974487
-1.0,-0.5074219208113733,-1.0,6.24303142123362
-0.9085635217779966,-0.19950849373361002,0.9964769651866563,3.4582520188740506
-0.39348196444851746,0.7641616214758458,1.0,8.621506358158538
-0.9534918783670046,1.0,-1.0,15.48748621781877
0.12041293057271507,-1.0,-0.3733622913704884,0.9447407778556269
0.7161623232731595,1.0,0.32557785643719694,7.694638217441913
-0.28060841210163967,0.8189054275840753,-0.23213010608374063,1.9407133003134864
-0.48778331860017654,0.5253085463323055,-0.5300573469150249,-1.845312883513788
0.3398478488928922,-0.15338620435520256,0.240163163066059,1.6658169430694425
-0.6433986085411929,-0.6849907342699784,-0.10422666964415139,2.0173994044083803
-0.40975853482783386,0.6668223025768436,0.31542084321499564,-0.6388372916321376
1.0,-0.674168194895199,-0.6485607890038239,3.9663034578042855
0.07867607039804803,1.0,-0.8695148921308709,8.157646038193215
0.9482372204898717,0.9931517486399508,0.44248261607056527,11.535187526467137
-1.0,1.0,-0.04096781421378215,7.974349793425873
-1.0,-0.26624760005816084,0.20544409949305553,-3.1243129931676292
-0.7923678372567435,-0.16303650238978173,0.4668560972011806,-1.3991289397652786
0.3049515574353363,0.028687415719351073,-0.8557338904103615,0.27275980855200666
-0.081741424859189,0.3003917776994265,1.0,1.3913017822969411
0.2662851047625958,-1.0,-1.0,-18.816877490963662
-0.09779734882173474,1.0,0.04192062820215736,7.365921149292522
0.11054385243548581,-0.10357110933876568,0.3019256543819506,0.11700706172667208
-0.3677204171626218,1.0,-0.7985591088549875,5.730090034664778
0.8976617209347137,0.11511191901199003,-0.3059638718099873,2.789739502168748
0.2469864499492449,0.6186982141981381,-0.9523755003547281,-2.109032481477362
0.7706246230737712,0.23762417903626165,-1.0,0.7026644231097603
1.0,0.2718255704479935,0.992364806303522,16.972813153361262
-1.0,-0.37156103052691947,-0.04118586853981698,-2.7264980487512007
0.11262204711743018,0.8427736979836689,0.22072828283907997,2.9771534429136937
-0.76332055824306,-0.8379727572039031,0.9059508369556573,4.943924553401573
-0.15997066825222728,-0.6410068770744877,0.4698409250388831,0.44947007922406246
-0.8147426610372324,-0.22762203955167015,-0.6993709905179737,0.8815973197570637
0.5298718311997965,0.37951123311715995,-0.09273364895111302,1.7644748085821618
0.2322416040905908,0.2962034746796345,-1.0,-3.43130021896336
-0.27306804863567424,1.0,-0.4834163899380661,8.412008231442345
0.811578297663502,0.5361221197038777,0.7251304616201091,5.726131252320724
0.9923999132692582,0.278517625797186,0.08541710780789624,5.827898844840698
0.14681769564224156,-0.7279606170838566,0.46468883899988245,1.1812780169421
-0.8721638662596873,-0.1667707794337232,-0.035655139343061526,-1.5820201059757273
-0.07497600154049278,-0.24530808647543334,0.27933455216384107,1.0666027967875078
0.6057215113170398,-1.0,-0.4678807075511733,-2.7078613192709784
-1.0,-1.0,-0.6882810694202179,4.078537206537684
0.02074956646743531,-0.4402601298142794,0.22822126557546807,0.7610213048288351
0.7309015975118893,-1.0,0.1685159673771468,-2.2346329984410844
0.06461041857857053,-1.0,-0.7581502426875284,-6.114138392951895
-0.8096302355244875,0.8910921417487294,-0.4260179751007265,1.012801748637942
0.6777403426082611,-0.7827947507747395,1.0,-3.4854486971544434
-0.9421679674073973,0.6597558634887666,1.0,7.906336416864407
0.19076187137781098,0.13033462890969805,-0.08763966054078165,0.7638033055453173
1.0,1.0,0.4696613117801707,14.038923044625944
-0.048123284759659546,-0.4572212670435478,-1.0,-5.566175629201481
-0.3756441935292665,0.4211541425122536,1.0,1.8078812278303702
0.9877105133619035,-0.39953327639631486,-0.7763774324292725,5.7167282047553085
0.07642361604594106,-0.8197587490472626,0.5724166999925968,0.2530953345899589
-0.4658975854550762,0.8777978627258916,0.5379170896658083,2.4763469083084466
0.37860393415566795,1.0,0.33744887238542143,6.627847682048015
0.07120770312948999,-0.026656195346266065,-0.7288196545862378,-0.39065280897228416
0.4082454347554998,1.0,0.4804865655941213,6.782356103372873
1.0,-0.1795482988314503,-0.29706383327497554,3.7118012870894797
1.0,-1.0,0.9662537466060976,-8.71915531572235
0.6927948970418267,-1.0,1.0,-6.057557464697652
1.0,1.0,0.296844427546334,12.742573747983151
0.6550170741243886,-0.802050316566882,-0.8020323245204737,-3.1288637883873354
-0.04203559525906564,-0.07638828165653044,-0.06298187768561125,-0.1281080605702134
1.0,1.0,0.25576736059773086,13.824619510243087
0.2035340676791204,-1.0,-0.6032751457648944,-2.9764108692189057
-0.22131086767215602,-1.0,-0.7743852804191875,-6.168399460970208
-0.24428099189987318,1.0,-0.7631069027655899,7.158171368435421
-0.19780437208841106,-0.16058060877508873,1.0,0.14738729387190097
-0.4300260745828064,0.4145798802247007,-1.0,-2.8306401482605095
0.8022035301563022,0.1176896358873325,-0.66001638678911,2.501173612967846
0.9029918152380343,1.0,0.45215968208155943,10.161669681705803
-1.0,-0.8960712569756888,-0.6340170073706652,3.442897918845511
0.7042463460263517,-1.0,0.30175151644175013,-2.356778523445078
0.15121145995206353,0.2092377218407726,-1.0,-3.1634567642357165
0.9997568143173887,0.5126064964845378,-0.07799341019347872,6.5195648084216575
-0.2033585802594886,0.56730758824623,-0.14488541651105247,-0.44100156174850247
1.0,-1.0,0.046848191062498934,-7.990035069952413
0.5890929343878601,0.24793744034026144,0.10751482842727977,2.194459709415681
0.9960207503105802,1.0,-0.057221868160965306,14.770170269851585
0.600288614176091,-0.08091698424225591,-0.5993823801267097,1.629055739132848
0.2406206633890804,-0.8028719390586438,-0.732721515761364,-2.2131215014447165
-1.0,0.22461930785648265,-1.0,13.903812291055525
0.11009383157803732,-0.2415685703704038,0.7237937385716593,0.7958645781035141
-0.47615900590019056,0.22543109905512004,1.0,2.476165782813518
1.0,1.0,-0.44629854563300553,19.46161697741592
0.15653627322498398,-0.3210846730082664,-0.678400330279473,0.2785980096919555
0.9522017042018069,-0.22422310794631395,-1.0,3.290236835319065
-0.6041902346037145,0.206790358998316,-0.39865158564317693,-1.4469589567850578
0.5741162345823907,0.6134529827178414,-0.3069428549998525,1.0020980902892178
0.4366304336812328,-0.031029099597291943,-1.0,-2.5619815190187754
-0.5564603104575703,1.0,0.08882596369303553,4.956973865033823
0.2896039609323351,-0.20071321177927803,-0.8534841072438297,-0.8357468209961569
0.45283743971077217,0.579356565075539,0.05334054857478243,1.093592756790179
0.41586471660655544,1.0,0.20431086297356282,7.5175605907605565
0.7378257152286287,-1.0,-1.0,-25.971399062990834
-1.0,0.6771535008259881,-0.4512095219323271,2.0624458815987676
0.39823958264422576,-0.2251623939805001,-1.0,-4.1970634972571
1.0,-0.12422198658587269,0.46903165091491306,6.346882089778577
1.0,0.17715182497419546,1.0,14.853227397848494
-0.22317539944518638,-0.5767809670111539,-0.9694402750278803,-4.373879362987259
-1.0,-0.13452442132880638,0.0971157289592397,-4.236320478037301
1.0,0.04375076423005275,0.9414918876832064,11.983256371990539
0.7124609630575545,-0.3958505636961862,-0.10110054824253711,0.7945907034493046
1.0,0.0028908540761551915,1.0,12.04681013471754
1.0,-0.08470715037479581,0.4819951220701111,7.190417260220667
-0.4632663107844879,-0.7324163936766162,-1.0,-5.5396889745689455
1.0,-0.5754440255739266,-1.0,-0.19815370877979693
0.31736659715534055,0.4395013138584154,-0.9755583468983773,-1.9985773775043794
0.4735490105723814,-0.6044581644097842,-1.0,-7.818173858113493
0.03341497000016913,0.7965894706951067,1.0,7.535298491499676
0.5295432329110961,-0.6413624148185366,-0.8072637755090633,-1.4637432209775678
-1.0,-0.7290281592624739,-0.11864155666273324,2.1887818523897193
-0.40373368805449505,-0.4681750368007733,-0.25187951293380517,1.488218877970262
0.47631158846853605,-0.4888417196436765,1.0,-3.2929569917190396
-0.041160983981959776,0.24219997940430127,-0.28815154978004753,-0.24874821319918894
-0.7837898081309218,0.3305969153521291,1.0,2.4498826044043795
-1.0,0.9104174380673073,0.3977082831148595,-0.1737205152801108
-0.3507379458487938,-0.7659063347431985,0.026275197545746032,1.6586303294031863
1.0,-0.6611825141199832,-1.0,-2.4553037753118114
1.0,-0.29119702778844525,0.8563258576748711,7.442697044794626
-1.0,0.44397482956963663,0.34801135118281024,-5.213174990524741
0.5025967119125856,1.0,-0.7426721575389996,11.936912590702265
-1.0,0.049575839529175436,0.48721678087235043,-4.134293299082689
-1.0,-1.0,0.6565900530079778,15.557040197624882
1.0,-0.2583716194772814,-0.8519613628103229,6.853011724645959
0.23201905293160663,0.5558802253097828,1.0,4.04209394512974
0.6715591713479048,-0.5137908954976069,-0.9083632556304655,-2.6919670410981213
1.0,-0.35311971184444,1.0,6.133312157113283
-0.9177661818779677,0.6632180336562397,0.13301466419147623,-2.958837757244703
-0.8651810562162512,-0.023461942042098727,0.38706738887469916,-1.9408843486629017
-0.9359649420299472,-0.28986056903310375,-0.48700589360866786,-1.0717760363001523
-0.3906223337805359,0.027946281898318492,0.4650186411528241,-0.5264406188155378
1.0,0.06904837390631813,-0.8184023723561364,6.943744129557416
-0.19932428730099994,0.2978864320788004,0.44035316805954916,-0.990841028842233
0.5123186654501306,-0.8737736111866268,-0.5012816327070111,0.07866364090483678
-1.0,-1.0,0.4364974553917169,12.029832305189084
-0.08515953919800712,0.22533313673996447,-0.24643853464253018,0.7143429860461905
0.11673163811506049,0.04087596301782659,0.3553607992339831,0.19196205176038095
1.0,-0.2116028607524738,0.3462412773376191,5.6781555019460646
-0.6398945123839233,-0.09532086914594529,0.7741223655650165,0.04635451909552034
1.0,-0.776924018022729,0.44216925881782787,1.3004787034138472
-0.49619036279087214,-1.0,0.14450101125013148,4.009543391187256
0.9941840814567919,-1.0,-0.09705360464945767,-7.999809587298964
-1.0,0.9170897965425997,-0.7476982901290554,11.482748062635048
0.37270848267545253,-0.3539671693511339,-0.09313565859960926,1.275994217942972
0.14318939111239004,-0.04870913117930176,1.0,-1.2774465452332824
1.0,-0.4785038723685555,1.0,5.0223201982612675
-1.0,-0.2357187670768648,-0.08346083103595614,-3.9288261287973842
-0.6753280639398744,-1.0,-0.4083079265627434,3.57990691491657
-0.4824068198174718,-0.6582101031152847,-0.26453593873755055,1.997353460079828
1.0,0.04396326817892371,-1.0,8.68174936230694
1.0,1.0,0.9437532526311807,23.632265591988684
0.09004568861634787,0.40869855192695215,0.892394078938312,1.1332856953737604
0.9277778598408606,-0.6679801401535983,0.05354887797785701,0.5178196753268179
-0.1871235306904433,-0.7526516991347567,0.4410001868726303,1.303454245697986
0.6870495956287317,-0.9005630672784044,0.2930577943376671,0.3311625081357269
-1.0,0.12631050939453892,-1.0,13.044228683332
1.0,1.0,0.1545504225882499,14.391172407334711
0.2817878563360323,-0.9651468776041661,-0.48492906411217507,-0.025163042409112907
0.04745038397733925,-0.8490697716730449,0.1850740197775942,1.2180131061480108
-1.0,-0.8035046030370441,0.9156575756165759,13.492914658669804
0.28637069902448875,1.0,0.9717381993401002,10.356199809802296
1.0,-0.5968138976732633,0.27795734532619454,3.96568131915686
1.0,-0.9848241799084854,0.5184474737270113,-5.750508216434544
1.0,-0.10586560233719378,-0.8901644950497114,8.029832133286911
0.1737491577662751,-0.16038056938013256,0.3254910797657,1.5848160993370666
-0.5089007722107433,0.6732874493259788,-0.3531146476048923,-0.6256406323614062
-0.11988394728234608,-0.3891307655081764,-1.0,-4.115581617331517
-0.2047433602245603,-0.40939712033274156,0.4080202869454854,0.18479433639326978
0.189084279707032,0.8251465388745127,0.020190633519910905,2.299477090631286
-1.0,1.0,0.5642311525323729,1.3879361439146924
1.0,-1.0,0.42752958668291363,-7.19647298149652
-0.26126425158819777,0.5448628550292345,0.6307759054348265,0.033084787740505994
1.0,-0.6003720334278122,0.8604552350694925,4.0040691353569215
0.7389412504856105,0.5100473209372538,0.679819942541974,4.563304536340841
-0.5036894492775543,-0.16148743440281144,1.0,0.8537882341331053
-0.8071620023011332,1.0,-0.6337645318488963,3.6089318796036065
-0.05790061657066192,0.459749822403835,0.14442591050632902,0.233686144058317
0.3866737253878161,-0.08429881539432027,-0.31458683873714244,1.8484120602089003
-0.34607713710883825,0.436276242268236,-0.5298772905939559,0.04151994275422488
-1.0,-0.40287050977589955,0.05308065645827753,-3.1806826235166055
-1.0,-0.20685690424984715,0.8008026727936199,-0.5960066834068459
-1.0,0.6835659865819221,-0.5408883765301253,3.156105648451143
0.6201503084183304,-0.7442480214465443,0.7579169385022422,0.03952967506273336
-1.0,-0.3525908976120309,-0.9424126677245113,4.684228348952924
-0.799001924348824,-0.7763930527445166,-1.0,1.4180795440889513
1.0,0.8073016309089907,0.23459780530515117,9.52535432479174
-1.0,1.0,0.6435749611564625,1.28904437312084
-0.26238671499799016,-1.0,1.0,-5.637946078063332
-0.034572850890268736,-1.0,0.48782381146872655,1.4594322792675114
0.9658055268825332,-0.5251677662142498,-1.0,-0.7528020516447076
-1.0,-0.2849476730932683,-1.0,7.773914718162977
0.39398717526420324,0.032891084240706414,0.24888389466608962,1.614447232412885
-1.0,-0.7966217367197415,1.0,15.887028584462529
0.4375539184306714,-0.6757267598161196,-0.019257431049483742,1.61692662897837
0.15683720961413194,0.2534387582424815,-0.7521564498953952,0.6203999975505083
0.8955301206445181,1.0,-0.9248814325535195,22.76215451000354
0.18915548326399922,-0.4555460364095618,-0.0031215370962867084,1.1731344981168301
1.0,-1.0,-1.0,-29.64859131322378
-0.4949912068478106,0.36263858286359807,-0.32379665777090927,-1.7538425584285269
0.26103909791965774,-0.005101561024571488,0.6177945851008249,0.7631300041200316
0.6873476529197717,-1.0,-0.6539078086338075,-7.176502600198599
1.0,-0.2323797455438732,-0.3184752804403299,4.061190492109696
0.552606241358095,-0.1591244969682093,0.17956299084120486,1.9660215207684368
1.0,-0.031262917895669595,-0.5549584158133463,5.145878285833074
-0.9934970452078842,-1.0,0.8935424739262174,18.44854391637136
0.9034088837347487,0.16326577115293595,1.0,9.691152612404778
-1.0,0.12674038059906745,-0.8331259008638054,5.031912188171448
0.5705938216021027,-0.05662442679380986,-0.28111333997434884,1.9587319378927521
-0.09814152981894897,0.43242890907570364,-0.32749207452898554,-0.2944408068541573
1.0,-1.0,-0.7735404728183182,-16.912263767725108
-1.0,0.9352489777182857,0.3388940183257134,1.3746550868154568
0.5276987477128505,-1.0,-1.0,-22.523274929027227
-0.32391314984425756,0.42453541829881813,0.23519221035943771,-1.3229062448168962
0.5076288719960662,0.7842401028950068,-0.5617475762210307,2.454317123100592
-0.6565811889270463,1.0,-1.0,0.2496928730187794
-0.44478843807487967,1.0,-0.07436955009431134,6.497220014000162
0.9316029257315128,-1.0,-1.0,-29.473046442553894
-0.6024178785661205,-0.34307645420324806,0.5144301121829085,0.07770536140168585
0.14276152933029196,0.8621228612672855,-1.0,-1.3045847473215169
0.0036332100663285516,0.5606439412917832,1.0,3.807596034379185
0.37994255765052953,-1.0,-0.23945811310372922,0.317880506867004
0.1455510477565003,0.45645695364854943,-1.0,-3.049480760112213
-0.4601158376052539,0.4157668265453751,-0.0640508609110686,-1.0880785983525318
1.0,1.0,-0.8617857949084147,32.38415719714342
0.42177093976800717,-0.015431271642233346,-0.5333174069675504,1.0400260681353033
0.24695924588506823,-0.3282012390357969,0.7659617442625668,-0.034664296287187445
0.09857738633623914,-0.13773070968304824,-0.35935715450435635,1.4545118813519915
-0.07050271604676239,1.0,-0.1628358896407589,7.38752887007049
0.7513610417881738,0.554384468710597,0.29811532084904613,3.556818052265678
-0.3552823265526177,-1.0,-1.0,-14.225652304566669
-0.38029995238343806,-0.2685987164814727,0.1022759368796784,0.021737791222465108
-0.8542690605425478,1.0,0.281090943627327,1.6536840233016377
-0.684199131104718,-0.40293309918951814,-0.37209906580370755,1.239811065658963
-0.027816254768614934,-0.5649112145437838,1.0,-1.520527568453904
-1.0,0.6601430868069447,-1.0,19.73241098217013
0.2733583233155594,1.0,0.9272181155124195,9.863669517030024
0.7194250772733592,0.012639569479352408,1.0,2.177983951617479
0.1495339115185803,-0.11246005598171038,0.12601742649643333,0.6063516713417769
-1.0,0.866267306380565,0.4258170831577004,-1.2318271787203492
-0.38992086597659736,1.0,-1.0,0.6577561427347749
-0.6325655809017343,-0.34672431644141866,-1.0,0.43383055550368477
0.49361957574723947,1.0,-1.0,7.167121314968276
-0.2742444240323707,-0.9692132413740313,-1.0,-13.565610234330235
0.4726531510904324,0.48637562117232247,-0.9512628582508167,-1.8731915707479805
-0.1564666703184623,0.7439927231627863,-0.2828328620453109,1.2173542457793673
0.07137098311521184,0.16438352893867347,-0.5986197692917117,0.8456658119804381
-0.9211395630159753,1.0,-0.4549277885456102,7.858746983182572
0.5130267403643112,-0.029090161716615937,-0.1287666947300916,1.183259052572929
-1.0,-0.1272313915620904,0.8395756591459274,-0.6030963379619378
-0.7086060086795187,-0.39643000178471266,-0.7373783433416206,1.1625758066242164
0.22700932469583313,-0.25569105407111214,1.0,-1.1831681100541753
0.4448506076400398,0.4742940120892485,-0.6614923140460247,-0.15929224940090148
-0.06948562925522928,-1.0,0.8296759243427607,-2.3790814963202287
0.7925147134425734,0.7407531655560198,0.01162476582073979,2.8627560860394006
0.390432420539472,-0.41153134178707096,1.0,-3.189068142787289
0.5568334843517009,0.8309867170820369,1.0,8.673567670286985
-1.0,-0.13764497086893823,-0.2165280659562301,-4.475895627150212
-0.005438722996919942,0.5067775652157174,-0.3664363424753181,0.7109380497421917
-1.0,-0.4776274841462387,0.9341557031898116,5.596912946602167
0.39298267991760816,0.20234142995491133,0.03719232829520336,0.39943762530016946
0.8115735556489632,-0.08373603620920478,-1.0,0.019047673080208938
0.6242162620323857,-0.2358241523915432,-1.0,-4.067727530178944
0.7219570722893793,-0.7038656430750478,-1.0,-9.548851751381205
1.0,0.7112443646325886,-1.0,16.30862003014587
1.0,-0.12152675475448627,1.0,10.22871554593298
-1.0,0.6843767391915281,-0.0009008113723143474,-1.1821727638041086
-0.3109114072525574,-1.0,-0.16032544547474004,3.322813541446429
0.7438658954240269,0.7277850739954976,0.06411736603403284,3.16280430238064
-0.2104413052427596,0.9303805455936947,-1.0,-1.0170207936912306
0.47853840227945077,-0.22551062676366396,-0.5875190320128181,1.6630520453902107
0.10686517008338048,0.287361086750473,0.9374404148404756,0.7893497156946087
0.8511296910395565,-0.7883162533996311,1.0,-2.7290475884275534
-0.764477654275922,-0.09982459178384606,1.0,2.2314047667348498
0.39929194075383667,-0.6689473905705923,1.0,-3.767994922682501
-0.7430044130164517,0.5543295001531459,0.7145031527413357,-1.4051322631662968
-0.3347574295129474,-0.4550215903981716,0.009093366770811073,1.0587629645712262
-0.41019963884811617,1.0,-0.21614071369460497,6.9233203348890004
-0.10417505927905646,0.2534181815951595,-0.2539667695662742,-0.17335044354392984
0.7709830085595575,-0.44982554239380224,0.7947525265036199,0.7850141425793891
-0.19266094422930147,0.8466143223553906,-0.7146358166844626,0.8748283552533992
0.11694509569612688,0.44529611557917903,-0.30710016753347547,0.6992984563310235
1.0,-0.7018511145959221,0.9212787622445573,3.11031923051945
1.0,1.0,-0.6470277980006693,24.439623664990165
-1.0,1.0,-1.0,22.102641068262074
1.0,-0.11705361231531852,0.9637006201524385,9.877154851499498
-0.07994987485137872,-0.22744305379971852,0.15410682634735817,0.2656634454921317
0.6206777487772503,-0.12669296087430726,0.7702876821423124,0.9862621328777901
0.6626006277502394,-1.0,-1.0,-24.49474879653787
0.11171281515732101,-0.4209512930629373,0.12759682704115938,1.3658314673092953
1.0,0.02276353573680856,-0.30893767393211613,4.5445904132993995
0.1072673180219117,-1.0,0.12374940812214241,2.487646075518817
1.0,-0.10121819414904643,0.18958467338303286,5.314200115464131
-0.21340830508296182,1.0,0.2737285794808284,7.298491992762213
0.23008720387418613,0.9646168206104888,1.0,10.220874522400988
0.8495437890650039,0.6581525919971314,0.43589346958705777,5.238155809156728
-1.0,0.9857441002714922,1.0,17.10618038678257
-0.41557632398572153,0.04702866033228381,0.20620913825753906,0.030037772564656173
0.8842990190710516,1.0,0.06782747453294613,9.91928822584812
-0.047654351439823994,-0.6928804285117467,0.5799497332941075,0.2509866517679482
-1.0,-1.0,-0.5821026254452404,5.420221679915259
0.6051129161976603,0.0340304733075365,0.15179276527176855,1.5360955948403623
1.0,1.0,-0.24107517365263353,17.172333108602352
-0.1549535374752633,-0.861035359643874,0.7933031299753128,0.050509832328020754
-1.0,-1.0,-0.9857178815268455,3.208065517471273
0.30012368988501126,0.07163474225845601,-0.4439302992434728,1.1954333528604855
0.992688185524317,-0.14773901697521707,-0.9647018119775197,6.988255164954953
0.2511209262591998,0.845834077291709,-0.3626146711251328,3.695643459528039
-0.004433791686418331,-0.9678512452932166,0.7808895495709887,-1.9780286593899885
0.015258459180594874,0.5128846978651451,0.39776058330178965,-0.07284215432131536
-0.5998023745572079,0.6040562627427803,0.13127818307520722,-2.586853306347343
-1.0,-0.34102102407544876,1.0,6.251148339238802
-0.8647793107506438,-0.09195353545555385,0.15751287100414668,-2.169316299815698
0.04074770985599141,-1.0,-0.8167519102838672,-7.435173913732463
-0.19426288621123522,-0.3595418727625599,1.0,0.2975958059738666
0.9675448000098315,0.09059483430183457,-0.604470018468259,4.796045729259099
0.0868115607727058,0.157265429917272,-0.5046134629132795,1.6219852741990224
0.3062818090146522,-1.0,1.0,-7.601744812239094
1.0,-0.011747923509310754,-1.0,8.214006364295903
-0.5711411695647215,-1.0,-0.2811054609673507,3.128073673295681
-0.10031649214738336,0.46185667874652014,0.5105899993821965,-0.04117615641085595
-1.0,1.0,-0.4212555588392499,12.420655018204402
1.0,-0.04380278785917957,0.3899633372359339,6.428032100321971
-0.0662374715561278,-1.0,0.00040124794388085583,2.665642533637026
0.14814319170540236,-0.9543816735748127,0.2281256475070501,2.3780344678065344
1.0,0.7688211681530108,0.6372473152310725,13.27518192294263
-0.14655873534259545,-0.2039023026658069,0.7270830710124485,0.08913698646614943
-1.0,0.5761747203675787,-0.06864571280108978,-2.1647386372456925
0.36572848011141046,-0.532356181124751,1.0,-2.8733343952049433
0.3258320841640061,-1.0,-1.0,-20.398618712259644
0.2812264597878369,-1.0,0.48238018258260773,0.8382698661564891
-0.039430951629634725,0.11891472802189673,-0.623195388063275,0.38187149971573214
0.25528718742028467,1.0,0.18093733700438985,7.71893381683897
-1.0,-0.22060105088698867,1.0,4.699160862673548
-0.29849725232027224,0.3215316276612019,-0.7228251101356877,-0.43290819507897194
0.03235914222241543,0.23870344639374497,-1.0,-3.693808740228852
-0.11241961078606422,-0.6436449391798305,0.4062122300111537,0.9073584801219463
1.0,0.11109657768897341,0.4331150573687541,6.609413583986696
0.7958517818722071,0.11401077362254686,-0.9568574990620244,1.5410856448947277
-0.4526729575378452,-0.6243440333598305,-1.0,-4.072629150421484
-0.24092017086088213,-0.46023102052482345,-0.0634353451373777,1.005827342260961
0.5431743655552033,-0.42518901741245885,-1.0,-5.162143752085017
1.0,-0.11797849609970101,1.0,10.049730157270956
0.7317847144489347,0.048484501357234366,-0.23051533723306572,1.4228654593010852
1.0,-0.176976811296508,-0.3356531862404093,4.388488776101656
0.27459530690317546,-0.25752432047548224,0.13883762889358575,0.7592447210668485
0.4747764777124297,0.5271309033374489,-0.7271447071609438,0.25773563085329965
0.8310770584690859,-1.0,0.44204994774423834,-3.7497380251225305
0.4358388712800987,0.8723783182376208,-0.41904499353456237,5.075831747515963
-0.7332594069591556,-0.7401433859337472,0.6694674260918485,3.834727950891994
0.38482609536887025,1.0,-1.0,5.896179938538361
-0.2922325467814013,-0.33624065069892395,0.39776803568239094,-0.045336030704780705
-0.675389832869612,-0.7627952995806222,0.9187813185099567,3.2859774978029423
1.0,0.2789839050795224,0.8396876867891403,13.044912762359703
-1.0,-0.8270179464957164,-0.1636366026934617,3.6809007265163394
-1.0,0.37303008648853453,0.8712148620139903,-1.9509600889720873
0.3776641356619055,-0.24047432089862752,0.8487017234542975,-0.4855533658992639
0.6521068469210967,0.7021979513243308,-1.0,-0.7640615648531444
0.14119956100683173,-0.45593196962029703,-0.08130110165602211,1.4103201641398135
-1.0,0.42271530811445834,-0.2983581016995256,-1.249898065289507
1.0,0.4904752274918982,0.2549836754280146,7.329453264168189
0.6724831788905314,0.05953997278055034,-0.1345750789431548,1.7666764554076522
0.02535313471040035,0.7189282213608899,1.0,6.465570731923011
-0.7852437392209131,-0.5964395951499035,1.0,4.873584147071914
-0.5945137502711819,-1.0,1.0,0.005886029297438089
0.785059522478855,0.9869730817245694,1.0,13.324750695584777
0.704272003111067,-1.0,1.0,-7.006144555570266
-0.5578286743576741,0.11293759942229076,0.6868548958931273,-0.4406103735458706
-1.0,0.2774506898301914,0.636866348536423,-3.1611999715932377
-0.7924577045163645,-0.0027085870706085036,-1.0,4.103373732463259
0.044246843699496496,-0.5020251924640586,-1.0,-5.2090048859074
-0.7901096204176308,-0.5876937768812207,-0.33517786012142325,1.3940019823706702
-0.7393928836893691,0.21786360303413166,-0.33507110072862556,-2.0485861152512923
-1.0,0.3333965863718835,-0.0657407400453982,-4.002231150324985
0.3012811456930813,-0.21066766874421328,0.2203590154241193,0.794169200625654
-0.16788995334025714,0.9214292292260535,0.46235405668441665,4.574927751379357
0.7388325579899495,-1.0,0.9894016547170497,-7.513010268333166
1.0,0.32973305682262777,1.0,19.08156234401212
-0.3179556982641307,0.6565888721769124,-0.0979336094423755,-0.30109824010274044
-0.04606061016614271,0.8671011880889481,-0.49332524686822254,3.3297448521401467
0.6154080604456815,-1.0,1.0,-7.615191914962904
-0.5672816387220903,1.0,0.9539915572753088,13.983456473462777
0.19753911432482796,0.3891584132192465,-0.5947692163973608,0.4040088185519708
-0.5677532232823186,-0.3144518747112146,1.0,1.1478159636263532
-1.0,0.35735017076989073,-0.8241093209682773,6.4656725295331965
0.013658452570773472,0.07006490650610142,0.28274691769253013,0.8637084409393694
1.0,0.9749514229880263,-1.0,35.4772483026396
1.0,-0.236845893589964,1.0,8.609632173676179
0.7877463132765559,-0.8841546959341271,0.9418120354826376,-3.4666803837477858
-0.23046099528002406,-1.0,-0.7827426104005033,-5.4898273470042005
-0.8484882184147762,-0.027252821226152024,-0.06251346397490454,-2.2149992361065975
0.16670531133153332,0.33515085340422224,-0.5994974176025618,0.38729938287939203
-1.0,0.3573135600781687,0.3073531089362558,-5.487980674240147
0.5397164686901843,-0.5066602274610472,1.0,-2.707855860416248
0.05789823521829085,-0.8527973344261199,-0.06203881476746709,2.1497833833550626
0.2610401042964454,0.41593915942796134,1.0,2.766362347039307
-1.0,0.29077866786125783,0.17046702799709035,-4.514633460801406
0.48235010253927646,-0.08119411948088406,-0.8858890147499257,0.40540058976143
-0.571187765137763,-0.4619398623478481,1.0,2.063649383955349
0.4888702116909569,-1.0,0.7174078218117332,-1.4404202282171543
-0.10345161695206473,-0.2093228207754685,-0.9757652125501008,-2.2037082084762467
-1.0,0.41841856546809875,-0.8263469865320723,6.822912482537702
0.37996151416067114,-1.0,-0.689255014914014,-5.5974417514547214
1.0,0.18516975420390125,0.8107453304492453,11.072447776358969
1.0,-0.31686434327433144,0.5638399144193835,5.375250473709068
0.06686658260719058,1.0,-0.011483832906683977,7.804553116250258
-0.23837857349446456,-1.0,-0.32961712791724307,1.8228223066841915
0.6870045976843233,0.35304395037089153,0.6368378709374305,2.9791945896907097
1.0,-0.5591852239812307,0.08577991857693412,2.8462201135507574
-1.0,0.307406239520879,-0.04609971844763461,-3.3077629844331478
0.12930697140041447,0.8675464523052603,-1.0,-1.2846217603104917
0.4584841848407337,-0.5451921903488219,0.9247310606047197,-2.4250961848324866
-0.10701307936286564,-1.0,-0.8372270214541815,-7.774021229885443
0.5848832612420667,-1.0,-0.5915548014368261,-4.663352940004883
-0.004608672779697454,0.06502364621367862,-1.0,-3.1411263266449536
-0.0909912108377684,-0.5105865795787381,1.0,-1.2878155951165415
0.251962067430326,1.0,0.38712767308897833,7.487150652528039
-0.4704213282167269,-0.0766352860668893,-0.14854802172912307,0.19671434457581943
-0.31040930122256105,-1.0,0.7500985149423394,-0.6252707500780892
0.6768199858108748,0.08415079074068421,1.0,1.7069756179744253
1.0,0.7374772900185949,0.16559913828173922,9.327880567994448
0.40052481122676253,-0.375634066817329,-0.10337487725099326,2.0830521294403526
1.0,-0.09524640002302243,-0.4088661594385554,4.667889902146797
0.7241443740752536,0.11388088639063088,-0.09508164493288618,2.813796244968558
-0.6119362783092692,1.0,-0.33630928268205484,5.478806819353722
-0.9145318973996357,-0.6011749250017728,0.23501438704098998,1.2453366615342254
-0.27142512875944447,-0.6197356884069389,0.7392264234442316,0.26941718861575503
1.0,-0.9532564981683893,-1.0,-21.99777133080148
-0.3017171032454209,-0.016168952101024425,-0.05643978313501519,-0.22086273065465914
-0.32018297583561806,1.0,0.5843621495320463,7.258199651500166
-0.5505969554407217,0.8796930960537481,-1.0,-3.4851986883957053
-0.3959795796593224,-0.24781266980586736,1.0,0.4558977109180705
0.8306420278212596,1.0,1.0,16.41923210051656
-0.3190943423065975,-1.0,-0.18530742546262036,2.898030616641412
1.0,1.0,0.9373312569075796,22.9291792477773
-0.7939979635939178,1.0,0.3601913589217287,3.393124151883269
-0.5971863917750504,0.1511726566132623,0.7857046899856808,0.2767240178889244
0.6846738975256921,0.9494540537238183,0.42277856694181115,5.705344898133608
0.11023042604224043,0.8517836617677372,-0.6273314486922481,2.85544545469093
0.019179258267459698,0.2622732961207279,-0.027602240776145148,-0.21093615640191854
1.0,0.6835467789026894,-0.408162036786744,6.653718366411278
0.8952989018194661,0.4030257898446057,0.0008324243554460597,4.240122223327379
0.18181819242106756,-0.46437337287491065,0.38445441646903844,1.1076652302091583
1.0,-0.7162661555204666,-0.9319735352140421,-0.23423641514071197
-0.2386038218570894,-0.3926041708351311,0.9334460043475501,-0.6785176439432723
-1.0,0.418557662159458,-0.34885774428097327,-1.2029787117251816
-0.3962170481282328,-0.2490568347094384,0.0167695545828499,0.33825729546460637
0.29295409730774824,-0.18773145850127015,-0.31981297689327826,1.7674246271128085
0.5515298118494647,0.5447575977926444,-1.0,-2.68818038991156
1.0,0.5656433450822009,-0.21579001497132233,5.764330989604891
0.40074825189688323,-0.9197579588323601,0.7980645001750915,-1.4393830314175968
0.7987615247792779,-0.5446621094652957,0.8707440816711178,0.4312633549904773
-0.008680430678232876,0.8744332864076871,-1.0,-1.8676851883463172
0.690147387702901,-1.0,1.0,-7.318804513513748
-0.5232683455765121,1.0,-0.5579160578048143,4.848067687437794
0.35442358829336773,-0.12070613591464485,0.12449519033959544,1.100059585869848
0.33692254599399507,0.0815100465348948,0.48259759007290803,0.5011550284774235
-0.9197310782307817,1.0,0.0680133409811372,4.352043554262059
-0.33504497142819156,0.47511695183674973,1.0,3.6065766845147738
0.3077365548494224,0.04554514823969158,-0.8978562656921321,-0.29922579003220495
0.5664756905173405,1.0,-0.2593678030163975,8.809702202666095
0.08339999171353263,0.8569675121400824,0.40799685375876016,3.41254965924782
0.3174034593001982,-0.600682790540668,-1.0,-7.1593482191472475
-1.0,-0.2526021430583114,0.17228332482467001,-3.4897166850962376
0.5484013730902364,0.39690927056741554,0.025917639069010123,0.4021958611236405
0.10332645185770084,1.0,0.657803142597462,8.905634936435343
0.01717955030682483,0.592410579415142,-0.7303845703034004,-0.07467214345212761
-0.4396166923239757,0.8972525315536128,0.26410263525055355,1.4447714063492874
-0.7302757944126983,1.0,-1.0,1.735416902621938
-1.0,-1.0,-0.2632236029730384,6.06046258575822
0.20037655093251128,-0.41352787673334945,0.5320255276457595,0.8215879458703779
0.5107601000807778,0.7063373309551673,0.35239728419902216,1.2904573443731473
-0.7443264667283243,1.0,0.4472323058061447,3.100514655961029
-0.454481441920243,1.0,0.6014686656659105,7.43986187528635
-0.3147878698536857,-0.12038584873638203,-0.3882053433667685,0.7936554210362231
-0.48136697382123406,1.0,0.25399599285931385,5.8220864540335375
0.14780412149499522,0.7803351557011826,-0.9069487236433922,-0.12603698915501954
0.3622774977364085,0.934155793783698,-0.3482821379831924,6.318806857172921
0.4069489811322935,0.6943071692425831,-1.0,-2.9146204121775856
-0.1428459786355638,-0.2493955676710211,1.0,-0.39628711824602697
1.0,-0.7596650758440293,-0.39875962738564175,0.7809848364992693
-1.0,0.14299621565203746,0.6460034470090494,-3.6417251616593314
-1.0,0.5087617285994905,-0.21474073514040448,-1.420444292364108
-0.491274705869569,-1.0,-0.07928354605827015,4.6734584658008735
-0.1513946565024329,-0.27805734243921476,-0.46642269866620834,1.3566609736244377
1.0,-1.0,-0.16900220871435012,-8.571080418177042
-1.0,-0.5328173797570155,-1.0,5.511142386180916
-0.6960267301757059,-0.641756284030869,0.5142659213615279,2.6872586313729836
-0.7971254496448952,1.0,1.0,16.820359554698992
-0.06060613760920708,-0.43683288028320555,0.5345394526759886,0.5234289315617917
0.6041061603402382,-0.39668784963664705,-0.4905753996862374,1.1232143097041816
-0.14041362120099654,-1.0,-0.953173028874686,-13.155649831187695
1.0,0.1173505472979337,0.7772656907481126,10.153357277645268
0.3987022379831089,-0.3956023412141838,-1.0,-5.6462011361382025
1.0,0.9614644438517579,-0.39438703431032485,14.711491056583606
-0.9166260928638823,-0.29812144628097426,1.0,4.440599525918519
-0.013279579440667488,0.9305905021162153,-0.30490602500633357,5.197844447472915
-0.7725753243296265,-0.5326049447686012,-0.25024337744131864,1.6969451814143146
-1.0,1.0,-0.04977776833551206,8.66544613352572
-0.22754035504938175,-0.07553001642697654,0.7550091390690972,0.019678156443787315
-0.5239533646514976,1.0,1.0,15.659105312504213
-0.26687867259961484,0.6324860199780673,-1.0,-4.255270619473161
-1.0,-0.038348681372091464,-1.0,10.418029809931529
-1.0,0.6062719438018767,0.7911621861177578,-1.8127414290590425
1.0,-1.0,1.0,-9.943889241250167
0.29161201458891406,-0.01655351821286155,-1.0,-4.421678414122292
0.9383090534881124,-0.5724951271754217,0.6316977736616523,3.5954636216410805
-0.8329014699196187,0.6703406081191046,0.6106345845133188,-2.337960331748111
-0.44651241216370585,-0.2588692932823182,-0.6497145299308802,1.2147587122666295
0.18787573604133812,1.0,-0.24339914695848197,8.948025394162478
-0.3562317959569512,0.08162273346200721,0.49894599447592425,-0.5747629496666002
