model,cv_mse,params,n_features,degree,cv_r2
ols,33.25826722437817,{},3,1,0.2561453874317714
ridge,33.256855228190254,{'alpha': 10.0},3,1,0.2561769681473338
lasso,33.258283447437016,"{'alpha': 0.003168901658972387, 'l1_ratio': 1.0}",3,1,0.25614502458673594
elasticnet,33.257224893317364,"{'alpha': 0.010563005529907956, 'l1_ratio': 0.3}",3,1,0.2561687002147909
ols,20.776126193443094,{},9,2,0.5353210317293917
ridge,20.775443358852147,{'alpha': 3.9810717055349776},9,2,0.5353363040121197
lasso,20.77385652200787,"{'alpha': 0.009171644724122489, 'l1_ratio': 1.0}",9,2,0.5353717952148949
elasticnet,20.77383727833537,"{'alpha': 0.010190716360136099, 'l1_ratio': 0.9}",9,2,0.5353722256189942
ols,11.364455264693232,{},19,3,0.7458225225344582
ridge,11.363458962546217,{'alpha': 1.0},19,3,0.7458448058345042
lasso,11.36576587610821,"{'alpha': 0.0037110858683274857, 'l1_ratio': 1.0}",19,3,0.745793209391361
elasticnet,11.36602377200258,"{'alpha': 0.004123428742586095, 'l1_ratio': 0.9}",19,3,0.7457874412901759
ols,3.585459457854056,{},34,4,0.919807591360437
ridge,3.5846185515032167,{'alpha': 0.3981071705534973},34,4,0.9198263990771346
lasso,3.591449474983692,"{'alpha': 0.0037110858683274857, 'l1_ratio': 1.0}",34,4,0.9196736185998845
elasticnet,3.5933162942080905,"{'alpha': 0.004123428742586095, 'l1_ratio': 0.9}",34,4,0.919631865309446
ols,1.3651111256009312,{},55,5,0.9694679160343584
ridge,1.3618972569940209,{'alpha': 0.3981071705534973},55,5,0.9695397974397038
lasso,1.3762411905174528,"{'alpha': 0.003964419340869809, 'l1_ratio': 1.0}",55,5,0.9692189809328848
elasticnet,1.387629291312157,"{'alpha': 0.004404910378744233, 'l1_ratio': 0.9}",55,5,0.9689642745993473
ols,0.5459848546050844,{},83,6,0.9877884993300946
ridge,0.5456596816510932,{'alpha': 0.039810717055349734},83,6,0.9877957721504156
lasso,0.664053739507733,"{'alpha': 0.003964419340869809, 'l1_ratio': 1.0}",83,6,0.9851477699125606
elasticnet,0.6796114902939016,"{'alpha': 0.004404910378744232, 'l1_ratio': 0.9}",83,6,0.9847998051612583
ols,0.3316956517712181,{},119,7,0.99258129297975
ridge,0.329682605282969,{'alpha': 0.1},119,7,0.9926263167900855
lasso,0.4697737883270225,"{'alpha': 0.0039876857146912545, 'l1_ratio': 1.0}",119,7,0.9894930365147055
elasticnet,0.47595037789300443,"{'alpha': 0.004430761905212505, 'l1_ratio': 0.9}",119,7,0.9893548908738758
ols,0.2754255418821767,{},164,8,0.9938398306091549
ridge,0.256164630699662,{'alpha': 0.15848931924611143},164,8,0.9942706202690227
lasso,0.33143465922062576,"{'alpha': 0.003987685714691252, 'l1_ratio': 1.0}",164,8,0.9925871303407674
elasticnet,0.33263876475789367,"{'alpha': 0.004430761905212502, 'l1_ratio': 0.9}",164,8,0.9925601993087966
ols,0.2827434690881639,{},219,9,0.9936761578035368
ridge,0.24764035888160627,{'alpha': 0.1},219,9,0.9944612741857727
lasso,0.3115337159375699,"{'alpha': 0.003987685714691252, 'l1_ratio': 1.0}",219,9,0.9930322349625954
elasticnet,0.3120779499469851,"{'alpha': 0.004430761905212502, 'l1_ratio': 0.9}",219,9,0.9930200626213399
ols,0.34393232327808315,{},285,10,0.9923076075083617
ridge,0.23814543015745698,{'alpha': 1.0},285,10,0.9946736378209499
lasso,0.2817952531783968,"{'alpha': 0.003987685714691252, 'l1_ratio': 1.0}",285,10,0.9936973656064999
elasticnet,0.28135399415989193,"{'alpha': 0.004430761905212502, 'l1_ratio': 0.9}",285,10,0.9937072348084652
ols,0.6668671654096584,{},363,11,0.9850848448112574
ridge,0.23661970170268462,{'alpha': 1.0},363,11,0.9947077622731034
lasso,0.28197038602469815,"{'alpha': 0.003987685714691252, 'l1_ratio': 1.0}",363,11,0.9936934485841652
elasticnet,0.2810512745886302,"{'alpha': 0.004430761905212502, 'l1_ratio': 0.9}",363,11,0.9937140054362877
ols,2.5055064096254753,{},454,12,0.9439618279856425
ridge,0.23538525499366295,{'alpha': 2.5118864315095824},454,12,0.9947353719159114
lasso,0.27671631567589605,"{'alpha': 0.003987685714691252, 'l1_ratio': 1.0}",454,12,0.9938109611544187
elasticnet,0.27617177046360386,"{'alpha': 0.004430761905212502, 'l1_ratio': 0.9}",454,12,0.9938231404560396
ols,14.975527962886927,{},559,13,0.6650572480014041
ridge,0.23551050165938167,{'alpha': 2.5118864315095824},559,13,0.9947325706482033
lasso,0.2810373128574804,"{'alpha': 0.003987685714691252, 'l1_ratio': 1.0}",559,13,0.9937143177044538
elasticnet,0.27922012825415937,"{'alpha': 0.004430761905212502, 'l1_ratio': 0.9}",559,13,0.9937549608666472
ols,409.38118260023737,{},679,14,-8.156222088221446
ridge,0.23951775472828507,{'alpha': 3.9810717055349776},679,14,0.9946429444010232
lasso,0.27954350901039926,"{'alpha': 0.003987685714691252, 'l1_ratio': 1.0}",679,14,0.9937477281306323
elasticnet,0.2783871043381062,"{'alpha': 0.005696693878130359, 'l1_ratio': 0.7}",679,14,0.993773592284759
ridge,0.24063921496581717,{'alpha': 3.9810717055349776},815,15,0.9946178618143426
lasso,0.2795549812491556,"{'alpha': 0.003987685714691252, 'l1_ratio': 1.0}",815,15,0.9937474715424686
elasticnet,0.27894773612222507,"{'alpha': 0.004430761905212502, 'l1_ratio': 0.9}",815,15,0.9937610531907721
